"Name","POS","Age","HT","WT","NAT","APP","SUB","SV","GA","A","FC","FA","YC","RC","G","SH","ST","Team"
"Alisson Becker1","G",32,76,201,"Brazil",8,0,18,7,0,0,0,0,0,NA,NA,NA,"liverpool"
"Vitezslav Jaros56","G",23,75,192,"Czechia",1,1,1,0,0,0,0,0,0,NA,NA,NA,"liverpool"
"Caoimhín Kelleher62","G",26,74,161,"Republic of Ireland",8,0,23,9,0,0,1,0,0,NA,NA,NA,"liverpool"
"Harvey Davies95","G",21,75,170,"England",0,0,0,0,0,0,0,0,0,NA,NA,NA,"liverpool"
"Joe Gomez2","D",27,74,174,"England",7,3,NA,NA,0,1,3,0,0,0,3,2,"liverpool"
"Virgil van Dijk4","D",33,77,203,"Netherlands",16,0,NA,NA,1,7,4,1,0,1,10,2,"liverpool"
"Ibrahima Konaté5","D",25,76,207,"France",12,1,NA,NA,1,9,5,4,0,1,8,2,"liverpool"
"Kostas Tsimikas21","D",28,70,170,"Greece",6,4,NA,NA,0,3,1,0,0,0,1,0,"liverpool"
"Andrew Robertson26","D",30,70,139,"Scotland",15,1,NA,NA,0,5,3,1,1,0,4,2,"liverpool"
"Amara Nallo65","D",18,73,159,"England",0,0,NA,NA,0,0,0,0,0,0,0,0,"liverpool"
"Trent Alexander-Arnold66","D",26,69,148,"England",15,1,NA,NA,4,4,6,3,0,0,14,2,"liverpool"
"James Norris77","D",21,68,165.177524429967,"England",NA,NA,NA,NA,NA,NA,NA,NA,NA,NA,NA,NA,"liverpool"
"Jarell Quansah78","D",21,75,183,"England",4,2,NA,NA,0,6,1,1,0,0,0,0,"liverpool"
"Conor Bradley84","D",21,71,139,"Northern Ireland",7,6,NA,NA,0,4,3,1,0,0,5,2,"liverpool"
"Wataru Endo3","M",31,70,168,"Japan",6,6,NA,NA,0,2,1,0,0,0,0,0,"liverpool"
"Dominik Szoboszlai8","M",24,73,161,"Hungary",16,4,NA,NA,2,19,11,4,0,2,26,9,"liverpool"
"Alexis Mac Allister10","M",25,69,150,"Argentina",15,2,NA,NA,0,22,14,5,0,1,11,6,"liverpool"
"Curtis Jones17","M",23,73,172,"England",13,6,NA,NA,1,7,13,1,0,2,13,7,"liverpool"
"Harvey Elliott19","M",21,67,139,"England",4,4,NA,NA,0,0,0,0,0,0,1,0,"liverpool"
"Ryan Gravenberch38","M",22,75,183,"Netherlands",16,0,NA,NA,1,26,30,4,0,0,7,2,"liverpool"
"James McConnell53","M",20,69,141,"England",NA,NA,NA,NA,NA,NA,NA,NA,NA,NA,NA,NA,"liverpool"
"Tyler Morton80","M",22,72,163,"England",0,0,NA,NA,0,0,0,0,0,0,0,0,"liverpool"
"Trey Nyoni98","M",17,71,163,"England",0,0,NA,NA,0,0,0,0,0,0,0,0,"liverpool"
"Luis Díaz7","F",27,70,141,"Colombia",16,5,NA,NA,2,23,14,1,0,7,31,15,"liverpool"
"Darwin Núñez9","F",25,74,179,"Uruguay",13,7,NA,NA,2,15,10,4,0,2,17,7,"liverpool"
"Mohamed Salah11","F",32,69,157,"Egypt",16,0,NA,NA,12,9,22,1,0,15,57,29,"liverpool"
"Federico Chiesa14","F",27,69,152,"Italy",1,1,NA,NA,0,1,1,0,0,0,1,0,"liverpool"
"Cody Gakpo18","F",25,76,168,"Netherlands",16,8,NA,NA,1,8,8,4,0,3,24,8,"liverpool"
"Diogo Jota20","F",28,70,150,"Portugal",9,2,NA,NA,2,10,9,1,0,3,17,4,"liverpool"
"Rio Ngumoha73","F",16,NA,165.177524429967,"England",NA,NA,NA,NA,NA,NA,NA,NA,NA,NA,NA,NA,"liverpool"
"Jayden Danns76","F",18,72,165.177524429967,"England",NA,NA,NA,NA,NA,NA,NA,NA,NA,NA,NA,NA,"liverpool"
"Ranel Young82","F",18,69,141,"England",NA,NA,NA,NA,NA,NA,NA,NA,NA,NA,NA,NA,"liverpool"
"Robert Sánchez1","G",27,78,196,"Spain",16,0,53,18,0,2,2,4,0,NA,NA,NA,"chelsea"
"Filip Jørgensen12","G",22,75,185,"Denmark",1,0,3,1,0,0,0,0,0,NA,NA,NA,"chelsea"
"Marcus Bettinelli13","G",32,76,181,"England",0,0,0,0,0,0,0,0,0,NA,NA,NA,"chelsea"
"Lucas Bergstrom47","G",22,81,181,"Finland",NA,NA,NA,NA,NA,NA,NA,NA,NA,NA,NA,NA,"chelsea"
"Max Merrick50","G",19,69,152,"England",NA,NA,NA,NA,NA,NA,NA,NA,NA,NA,NA,NA,"chelsea"
"Axel Disasi2","D",26,75,183,"France",4,1,NA,NA,0,2,0,1,0,1,1,1,"chelsea"
"Marc Cucurella3","D",26,68,146,"Spain",15,2,NA,NA,1,15,18,7,1,1,3,1,"chelsea"
"Tosin Adarabioyo4","D",27,77,174,"England",7,2,NA,NA,0,2,2,1,0,0,4,0,"chelsea"
"Benoît Badiashile5","D",23,76,163,"France",4,2,NA,NA,0,6,2,0,0,0,0,0,"chelsea"
"Levi Colwill6","D",21,74,183,"England",16,0,NA,NA,0,19,11,3,0,0,5,1,"chelsea"
"Ben Chilwell21","D",28,70,170,"England",NA,NA,NA,NA,NA,NA,NA,NA,NA,NA,NA,NA,"chelsea"
"Reece James24","D",25,72,181,"England",4,1,NA,NA,0,1,4,0,0,0,0,0,"chelsea"
"Malo Gusto27","D",21,70,148,"France",14,2,NA,NA,1,11,9,2,0,0,17,2,"chelsea"
"Wesley Fofana29","D",24,75,183,"France",12,0,NA,NA,0,19,15,6,0,0,2,0,"chelsea"
"Josh Acheampong34","D",18,72,163,"England",0,0,NA,NA,0,0,0,0,0,0,0,0,"chelsea"
"Richard Olise49","D",20,68,165.177524429967,"England",NA,NA,NA,NA,NA,NA,NA,NA,NA,NA,NA,NA,"chelsea"
"Harrison Murray-Campbell59","D",18,72,165.177524429967,"England",NA,NA,NA,NA,NA,NA,NA,NA,NA,NA,NA,NA,"chelsea"
"Kaiden Wilson63","D",19,NA,165.177524429967,"England",NA,NA,NA,NA,NA,NA,NA,NA,NA,NA,NA,NA,"chelsea"
"Enzo Fernández8","M",23,70,168,"Argentina",16,4,NA,NA,4,15,18,1,0,3,17,7,"chelsea"
"Mykhailo Mudryk10","M",23,69,132,"Ukraine",7,6,NA,NA,0,1,2,0,0,0,1,1,"chelsea"
"Carney Chukwuemeka17","M",21,74,170,"England",NA,NA,NA,NA,NA,NA,NA,NA,NA,NA,NA,NA,"chelsea"
"Cole Palmer20","M",22,74,168,"England",17,0,NA,NA,6,8,38,3,0,11,61,21,"chelsea"
"Kiernan Dewsbury-Hall22","M",26,70,174,"England",5,5,NA,NA,0,1,1,0,0,0,0,0,"chelsea"
"Moisés Caicedo25","M",23,70,161,"Ecuador",17,0,NA,NA,2,33,22,3,0,1,9,2,"chelsea"
"Cesare Casadei31","M",21,73,170,"Italy",0,0,NA,NA,0,0,0,0,0,0,0,0,"chelsea"
"Kiano Dyer33","M",18,70,141,"England",NA,NA,NA,NA,NA,NA,NA,NA,NA,NA,NA,NA,"chelsea"
"Renato Veiga40","M",21,75,192,"Portugal",7,6,NA,NA,0,6,1,2,0,0,3,1,"chelsea"
"Harvey Vale43","M",21,71,161,"England",NA,NA,NA,NA,NA,NA,NA,NA,NA,NA,NA,NA,"chelsea"
"Romeo Lavia45","M",20,71,168,"Belgium",9,2,NA,NA,1,9,2,3,0,0,1,0,"chelsea"
"Samuel Rak-Sakyi51","M",19,70,161,"England",0,0,NA,NA,0,0,0,0,0,0,0,0,"chelsea"
"Pedro Neto7","F",24,68,137,"Portugal",14,6,NA,NA,2,9,12,5,0,1,17,6,"chelsea"
"Noni Madueke11","F",22,72,163,"England",16,3,NA,NA,3,12,14,3,0,5,49,21,"chelsea"
"João Félix14","F",25,71,152,"Portugal",9,7,NA,NA,1,4,13,2,0,1,14,3,"chelsea"
"Nicolas Jackson15","F",23,73,172,"Senegal",16,0,NA,NA,4,14,15,4,0,9,42,20,"chelsea"
"Christopher Nkunku18","F",27,70,150,"France",16,14,NA,NA,1,9,4,1,0,2,13,4,"chelsea"
"Jadon Sancho19","F",24,71,168,"England",11,3,NA,NA,3,3,6,1,0,2,9,3,"chelsea"
"Tyrique George32","F",18,71,163,"England",0,0,NA,NA,0,0,0,0,0,0,0,0,"chelsea"
"Deivid Washington36","F",19,73,161,"Brazil",NA,NA,NA,NA,NA,NA,NA,NA,NA,NA,NA,NA,"chelsea"
"Omari Kellyman37","F",19,75,172,"England",NA,NA,NA,NA,NA,NA,NA,NA,NA,NA,NA,NA,"chelsea"
"Marc Guiu38","F",18,74,181,"Spain",1,1,NA,NA,0,0,0,0,0,0,0,0,"chelsea"
"Ato Ampah55","F",18,NA,165.177524429967,"England",NA,NA,NA,NA,NA,NA,NA,NA,NA,NA,NA,NA,"chelsea"
"Shim Mheuka76","F",17,72,163,"England",NA,NA,NA,NA,NA,NA,NA,NA,NA,NA,NA,NA,"chelsea"
"David Raya22","G",29,72,174,"Spain",17,0,46,16,0,1,3,2,0,NA,NA,NA,"arsenal"
"Neto32","G",35,75,183,"Brazil",2,0,11,2,0,0,2,0,0,NA,NA,NA,"arsenal"
"Tommy Setford36","G",18,73,168,"England",0,0,0,0,0,0,0,0,0,NA,NA,NA,"arsenal"
"Alexei Rojas62","G",19,73,170,"Colombia",NA,NA,NA,NA,NA,NA,NA,NA,NA,NA,NA,NA,"arsenal"
"Jack Porter92","G",16,74,165.177524429967,"England",NA,NA,NA,NA,NA,NA,NA,NA,NA,NA,NA,NA,"arsenal"
"William Saliba2","D",23,76,203,"France",16,0,NA,NA,0,14,8,2,1,2,3,2,"arsenal"
"Kieran Tierney3","D",27,70,152,"Scotland",0,0,NA,NA,0,0,0,0,0,0,0,0,"arsenal"
"Ben White4","D",27,73,168,"England",9,2,NA,NA,1,7,3,2,0,0,4,1,"arsenal"
"Gabriel Magalhães6","D",27,75,172,"Brazil",15,0,NA,NA,1,10,9,2,0,3,16,5,"arsenal"
"Jurriën Timber12","D",23,70,172,"Netherlands",15,1,NA,NA,1,16,9,4,0,1,9,2,"arsenal"
"Jakub Kiwior15","D",24,74,163,"Poland",8,6,NA,NA,0,5,1,0,0,0,0,0,"arsenal"
"Oleksandr Zinchenko17","D",28,69,139,"Ukraine",6,4,NA,NA,0,7,1,1,0,0,1,0,"arsenal"
"Takehiro Tomiyasu18","D",26,74,183,"Japan",1,1,NA,NA,0,0,0,0,0,0,1,0,"arsenal"
"Riccardo Calafiori33","D",22,74,190,"Italy",9,3,NA,NA,1,10,5,1,0,1,4,3,"arsenal"
"Maldini Kacurri47","D",19,72,183,"Albania",0,0,NA,NA,0,0,0,0,0,0,0,0,"arsenal"
"Zane Monlouis50","D",21,73,163,"Jamaica",NA,NA,NA,NA,NA,NA,NA,NA,NA,NA,NA,NA,"arsenal"
"Josh Nichols51","D",18,65,121,"England",0,0,NA,NA,0,0,0,0,0,0,0,0,"arsenal"
"Josh Robinson61","D",20,71,148,"England",NA,NA,NA,NA,NA,NA,NA,NA,NA,NA,NA,NA,"arsenal"
"Ayden Heaven76","D",18,74,170,"England",0,0,NA,NA,0,0,0,0,0,0,0,0,"arsenal"
"Thomas Partey5","M",31,73,170,"Ghana",16,2,NA,NA,2,25,16,2,0,2,14,4,"arsenal"
"Martin Ødegaard8","M",26,70,150,"Norway",10,0,NA,NA,2,3,11,1,0,1,14,5,"arsenal"
"Jorginho20","M",33,71,141,"Italy",8,3,NA,NA,0,7,9,3,0,0,1,0,"arsenal"
"Mikel Merino23","M",28,74,183,"Spain",10,5,NA,NA,0,14,6,1,0,1,8,3,"arsenal"
"Declan Rice41","M",25,74,183,"England",15,1,NA,NA,3,12,7,4,1,1,18,4,"arsenal"
"Myles Lewis-Skelly49","M",18,70,159,"England",4,2,NA,NA,0,1,4,1,0,0,0,0,"arsenal"
"Ethan Nwaneri53","M",17,69,152,"England",10,10,NA,NA,0,1,2,0,0,1,4,2,"arsenal"
"Salah-Eddine Oulad M'Hand56","M",21,70,152,"Netherlands",0,0,NA,NA,0,0,0,0,0,0,0,0,"arsenal"
"Bukayo Saka7","F",23,70,159,"England",16,0,NA,NA,10,13,32,3,0,5,46,18,"arsenal"
"Gabriel Jesus9","F",27,69,161,"Brazil",14,11,NA,NA,0,8,9,4,0,2,12,4,"arsenal"
"Gabriel Martinelli11","F",23,70,163,"Brazil",15,4,NA,NA,3,6,7,1,0,4,19,10,"arsenal"
"Leandro Trossard19","F",30,68,132,"Belgium",17,7,NA,NA,1,7,12,1,1,3,21,8,"arsenal"
"Kai Havertz29","F",25,76,183,"Germany",16,0,NA,NA,2,28,17,2,0,6,36,13,"arsenal"
"Raheem Sterling30","F",30,68,150,"England",6,4,NA,NA,1,2,0,0,0,0,4,0,"arsenal"
"Nathan Butler-Oyedeji37","F",21,70,161,"England",0,0,NA,NA,0,0,0,0,0,0,0,0,"arsenal"
"Ismeal Kabia46","F",19,69,152,"Netherlands",0,0,NA,NA,0,0,0,0,0,0,0,0,"arsenal"
"Matz Sels26","G",32,74,163,"Belgium",17,0,47,19,0,0,6,2,0,NA,NA,NA,"nottingham_forest"
"Carlos Miguel33","G",26,80,205,"Brazil",0,0,0,0,0,0,0,0,0,NA,NA,NA,"nottingham_forest"
"Morato4","D",23,76,192,"Brazil",10,9,NA,NA,0,2,0,0,0,0,0,0,"nottingham_forest"
"Murillo5","D",22,71,163,"Brazil",17,0,NA,NA,0,11,2,3,0,1,14,3,"nottingham_forest"
"Neco Williams7","D",23,72,159,"Wales",14,7,NA,NA,1,6,10,4,0,0,14,3,"nottingham_forest"
"Andrew Omobamidele12","D",22,74,172,"Republic of Ireland",0,0,NA,NA,0,0,0,0,0,0,0,0,"nottingham_forest"
"Harry Toffolo15","D",29,72,157,"England",2,2,NA,NA,0,0,0,0,0,0,1,0,"nottingham_forest"
"Álex Moreno19","D",31,70,150,"Spain",11,1,NA,NA,1,11,5,2,0,0,5,0,"nottingham_forest"
"Willy Boly30","D",33,77,203,"Ivory Coast",3,2,NA,NA,0,1,0,0,0,0,1,1,"nottingham_forest"
"Nikola Milenkovic31","D",27,77,196,"Serbia",16,0,NA,NA,1,8,3,2,0,2,17,4,"nottingham_forest"
"Ola Aina34","D",28,72,181,"Nigeria",17,0,NA,NA,0,9,19,2,0,2,6,2,"nottingham_forest"
"Zach Abbott44","D",18,71,152,"England",NA,NA,NA,NA,NA,NA,NA,NA,NA,NA,NA,NA,"nottingham_forest"
"Ibrahim Sangaré6","M",27,75,170,"Ivory Coast",3,0,NA,NA,0,4,4,2,0,0,1,1,"nottingham_forest"
"Elliot Anderson8","M",22,70,150,"England",16,4,NA,NA,5,18,24,3,0,0,20,4,"nottingham_forest"
"Morgan Gibbs-White10","M",24,67,146,"England",13,0,NA,NA,2,20,14,5,1,2,24,10,"nottingham_forest"
"Nicolás Domínguez16","M",26,70,161,"Argentina",15,6,NA,NA,0,17,7,5,0,0,11,4,"nottingham_forest"
"James Ward-Prowse18","M",30,68,146,"England",7,2,NA,NA,0,4,2,1,1,0,2,0,"nottingham_forest"
"Ryan Yates22","M",27,75,192,"England",17,5,NA,NA,0,31,33,4,0,1,24,6,"nottingham_forest"
"Danilo28","M",23,69,150,"Brazil",1,0,NA,NA,0,1,0,0,0,0,0,0,"nottingham_forest"
"Ben Perry59","M",20,72,163,"England",NA,NA,NA,NA,NA,NA,NA,NA,NA,NA,NA,NA,"nottingham_forest"
"Taiwo Awoniyi9","F",27,72,183,"Nigeria",12,10,NA,NA,0,6,6,0,0,0,4,1,"nottingham_forest"
"Chris Wood11","F",33,75,179,"New Zealand",17,1,NA,NA,0,11,10,1,0,10,29,17,"nottingham_forest"
"Callum Hudson-Odoi14","F",24,72,168,"England",16,2,NA,NA,1,7,10,1,0,2,22,8,"nottingham_forest"
"Eric Da Silva Moreira17","F",18,72,181,"Germany",2,2,NA,NA,0,0,0,0,0,0,0,0,"nottingham_forest"
"Jota Silva20","F",25,70,170,"Portugal",16,13,NA,NA,1,12,15,3,0,0,8,2,"nottingham_forest"
"Anthony Elanga21","F",22,70,152,"Sweden",17,6,NA,NA,2,3,16,1,0,2,15,6,"nottingham_forest"
"Ramón Sosa24","F",25,70,163,"Paraguay",10,10,NA,NA,0,5,1,0,0,1,6,2,"nottingham_forest"
"Emmanuel Dennis25","F",27,69,148,"Nigeria",NA,NA,NA,NA,NA,NA,NA,NA,NA,NA,NA,NA,"nottingham_forest"
"Kepa Arrizabalaga13","G",30,74,183,"Spain",12,0,42,16,0,0,2,2,0,NA,NA,NA,"afc_bournemouth"
"William Dennis40","G",24,74,183,"England",0,0,0,0,0,0,0,0,0,NA,NA,NA,"afc_bournemouth"
"Mark Travers42","G",25,75,181,"Republic of Ireland",3,0,12,3,0,0,0,0,0,NA,NA,NA,"afc_bournemouth"
"Dean Huijsen2","D",19,77,192,"Spain",11,5,NA,NA,1,5,0,2,0,2,6,2,"afc_bournemouth"
"Milos Kerkez3","D",21,71,157,"Hungary",17,0,NA,NA,2,12,19,2,0,1,9,1,"afc_bournemouth"
"Marcos Senesi5","D",27,73,174,"Argentina",11,0,NA,NA,0,16,7,4,0,0,3,0,"afc_bournemouth"
"Adam Smith15","D",33,71,172,"England",17,5,NA,NA,0,8,9,4,0,0,1,0,"afc_bournemouth"
"Julián Araujo22","D",23,69,152,"Mexico",8,3,NA,NA,0,4,1,1,0,0,0,0,"afc_bournemouth"
"James Hill23","D",22,72,161,"England",2,2,NA,NA,0,1,0,0,0,0,0,0,"afc_bournemouth"
"Illia Zabarnyi27","D",22,74,174,"Ukraine",17,0,NA,NA,0,6,3,2,0,0,3,0,"afc_bournemouth"
"Max Aarons37","D",24,70,150,"England",1,1,NA,NA,0,0,1,0,0,0,0,0,"afc_bournemouth"
"Max Kinsey-Wellings48","D",19,72,168,"England",0,0,NA,NA,0,0,0,0,0,0,0,0,"afc_bournemouth"
"Lewis Cook4","M",27,69,157,"England",16,2,NA,NA,3,29,2,4,0,1,9,2,"afc_bournemouth"
"David Brooks7","M",27,68,137,"Wales",10,9,NA,NA,0,4,2,1,0,1,7,2,"afc_bournemouth"
"Alex Scott8","M",21,70,150,"England",8,6,NA,NA,0,2,13,0,0,0,3,1,"afc_bournemouth"
"Ryan Christie10","M",29,70,152,"Scotland",16,2,NA,NA,1,21,14,5,0,1,16,6,"afc_bournemouth"
"Tyler Adams12","M",25,68,159,"USA",8,3,NA,NA,0,10,4,2,0,0,5,1,"afc_bournemouth"
"Marcus Tavernier16","M",25,70,152,"England",15,2,NA,NA,4,13,11,2,0,1,31,8,"afc_bournemouth"
"Philip Billing29","M",28,76,183,"Denmark",7,7,NA,NA,0,0,2,0,0,0,2,0,"afc_bournemouth"
"Ben Winterburn47","M",20,73,165.177524429967,"England",0,0,NA,NA,0,0,0,0,0,0,0,0,"afc_bournemouth"
"Evanilson9","F",25,72,174,"Brazil",16,1,NA,NA,0,17,29,0,0,4,35,16,"afc_bournemouth"
"Dango Ouattara11","F",22,70,157,"Burkina Faso",14,8,NA,NA,3,4,4,0,0,2,19,5,"afc_bournemouth"
"Luis Sinisterra17","F",25,68,130,"Colombia",8,7,NA,NA,1,3,2,0,0,1,11,5,"afc_bournemouth"
"Justin Kluivert19","F",25,67,148,"Netherlands",17,3,NA,NA,2,22,12,4,0,6,33,17,"afc_bournemouth"
"Antoine Semenyo24","F",24,73,172,"Ghana",16,0,NA,NA,1,32,21,5,0,5,67,16,"afc_bournemouth"
"Enes Ünal26","F",27,74,172,"Turkey",14,13,NA,NA,1,4,6,1,0,2,17,6,"afc_bournemouth"
"Joe Gauci18","G",24,76,192,"Australia",0,0,0,0,0,0,0,0,0,NA,NA,NA,"aston_villa"
"Emiliano Martínez23","G",32,77,192,"Argentina",17,0,44,25,0,1,3,2,0,NA,NA,NA,"aston_villa"
"Robin Olsen25","G",34,78,194,"Sweden",1,1,2,1,0,0,0,0,0,NA,NA,NA,"aston_villa"
"Oliwier Zych48","G",20,76,179,"Poland",0,0,0,0,0,0,0,0,0,NA,NA,NA,"aston_villa"
"Matty Cash2","D",27,73,172,"Poland",11,1,NA,NA,0,11,5,4,0,1,4,2,"aston_villa"
"Diego Carlos3","D",31,73,172,"Brazil",9,2,NA,NA,0,9,1,1,0,0,4,1,"aston_villa"
"Ezri Konsa4","D",27,72,161,"England",15,0,NA,NA,0,1,20,0,0,1,5,2,"aston_villa"
"Tyrone Mings5","D",31,77,170,"England",1,0,NA,NA,0,0,1,0,0,0,2,0,"aston_villa"
"Lucas Digne12","D",31,70,161,"France",17,2,NA,NA,2,13,6,3,0,0,6,2,"aston_villa"
"Pau Torres14","D",27,75,174,"Spain",16,0,NA,NA,0,6,6,1,0,0,6,1,"aston_villa"
"Kosta Nedeljkovic20","D",19,72,159,"Serbia",3,3,NA,NA,0,0,1,0,0,0,0,0,"aston_villa"
"Ian Maatsen22","D",22,70,126,"Netherlands",13,11,NA,NA,0,3,2,1,0,0,4,1,"aston_villa"
"Lamar Bogarde26","D",20,72,168,"Netherlands",3,0,NA,NA,0,5,4,1,0,0,0,0,"aston_villa"
"Kortney Hause30","D",29,75,170,"England",NA,NA,NA,NA,NA,NA,NA,NA,NA,NA,NA,NA,"aston_villa"
"Triston Rowe45","D",18,72,152,"England",NA,NA,NA,NA,NA,NA,NA,NA,NA,NA,NA,NA,"aston_villa"
"Sil Swinkels50","D",20,75,172,"Netherlands",0,0,NA,NA,0,0,0,0,0,0,0,0,"aston_villa"
"Travis Patterson66","D",19,70,139,"England",NA,NA,NA,NA,NA,NA,NA,NA,NA,NA,NA,NA,"aston_villa"
"Thierry Katsukunya73","D",19,71,165.177524429967,"Wales",NA,NA,NA,NA,NA,NA,NA,NA,NA,NA,NA,NA,"aston_villa"
"Ross Barkley6","M",31,74,168,"England",13,11,NA,NA,1,9,1,3,0,2,12,3,"aston_villa"
"John McGinn7","M",30,70,150,"Scotland",15,2,NA,NA,3,19,34,3,0,0,19,2,"aston_villa"
"Youri Tielemans8","M",27,69,159,"Belgium",17,0,NA,NA,4,19,31,3,0,0,10,2,"aston_villa"
"Emiliano Buendía10","M",27,68,159,"Argentina",8,8,NA,NA,0,3,3,1,0,0,1,0,"aston_villa"
"Amadou Onana24","M",23,77,168,"Belgium",12,1,NA,NA,0,19,10,3,0,2,9,4,"aston_villa"
"Leon Bailey31","M",27,70,170,"Jamaica",14,4,NA,NA,2,8,14,2,0,0,11,2,"aston_villa"
"Jacob Ramsey41","M",23,71,163,"England",10,3,NA,NA,2,4,8,1,0,0,11,3,"aston_villa"
"Boubacar Kamara44","M",25,72,150,"France",8,3,NA,NA,0,11,7,1,0,0,0,0,"aston_villa"
"Aidan Borland54","M",17,70,141,"Scotland",NA,NA,NA,NA,NA,NA,NA,NA,NA,NA,NA,NA,"aston_villa"
"Jamaldeen Jimoh56","M",18,72,157,"England",NA,NA,NA,NA,NA,NA,NA,NA,NA,NA,NA,NA,"aston_villa"
"Ben Broggio79","M",17,71,163,"England",0,0,NA,NA,0,0,0,0,0,0,0,0,"aston_villa"
"Jhon Durán9","F",21,73,161,"Colombia",17,14,NA,NA,0,12,13,3,0,7,29,15,"aston_villa"
"Ollie Watkins11","F",28,71,163,"England",17,3,NA,NA,4,16,21,0,0,7,44,20,"aston_villa"
"Jaden Philogene19","F",22,71,146,"England",11,9,NA,NA,0,11,8,3,1,0,7,0,"aston_villa"
"Morgan Rogers27","F",22,74,174,"England",17,0,NA,NA,3,20,22,4,0,5,33,9,"aston_villa"
"Kadan Young72","F",18,69,148,"England",0,0,NA,NA,0,0,0,0,0,0,0,0,"aston_villa"
"Kobei Moore77","F",20,72,152,"England",NA,NA,NA,NA,NA,NA,NA,NA,NA,NA,NA,NA,"aston_villa"
"Stefan Ortega18","G",32,73,192,"Germany",4,0,14,6,0,1,0,0,0,NA,NA,NA,"manchester_city"
"Ederson31","G",31,74,190,"Brazil",13,0,29,18,1,1,0,3,0,NA,NA,NA,"manchester_city"
"Scott Carson33","G",39,74,185,"England",0,0,0,0,0,0,0,0,0,NA,NA,NA,"manchester_city"
"Max Hudson69","G",17,71,165.177524429967,"Wales",NA,NA,NA,NA,NA,NA,NA,NA,NA,NA,NA,NA,"manchester_city"
"Kyle Walker2","D",34,72,174,"England",13,4,NA,NA,0,5,5,2,0,0,5,2,"manchester_city"
"Rúben Dias3","D",27,74,168,"Portugal",13,1,NA,NA,0,6,3,3,0,0,14,4,"manchester_city"
"John Stones5","D",30,74,174,"England",8,4,NA,NA,0,2,1,1,0,2,2,2,"manchester_city"
"Nathan Aké6","D",29,71,163,"Netherlands",5,2,NA,NA,0,2,0,0,0,0,2,0,"manchester_city"
"Josko Gvardiol24","D",22,73,174,"Croatia",16,1,NA,NA,0,7,13,1,0,4,22,7,"manchester_city"
"Manuel Akanji25","D",29,73,201,"Switzerland",13,0,NA,NA,0,12,7,3,0,0,8,1,"manchester_city"
"Kaden Braithwaite61","D",16,73,163,"England",NA,NA,NA,NA,NA,NA,NA,NA,NA,NA,NA,NA,"manchester_city"
"Jahmai Simpson-Pusey66","D",19,74,172,"England",1,0,NA,NA,0,0,1,1,0,0,0,0,"manchester_city"
"Rico Lewis82","D",20,67,139,"England",15,2,NA,NA,2,9,21,4,1,1,6,1,"manchester_city"
"Josh Wilson-Esbrand97","D",21,69,152,"England",0,0,NA,NA,0,0,0,0,0,0,0,0,"manchester_city"
"Mateo Kovacic8","M",30,70,172,"Croatia",13,2,NA,NA,0,7,8,3,0,3,20,5,"manchester_city"
"Jack Grealish10","M",29,71,170,"England",13,7,NA,NA,1,3,20,3,0,0,11,4,"manchester_city"
"Rodri16","M",28,75,181,"Spain",2,1,NA,NA,0,1,2,0,0,0,0,0,"manchester_city"
"Kevin De Bruyne17","M",33,71,150,"Belgium",10,3,NA,NA,2,9,8,2,0,2,25,7,"manchester_city"
"Ilkay Gündogan19","M",34,71,174,"Germany",16,3,NA,NA,1,10,16,1,0,0,15,3,"manchester_city"
"Bernardo Silva20","M",30,68,141,"Portugal",17,2,NA,NA,4,11,13,4,0,1,20,6,"manchester_city"
"Matheus Nunes27","M",26,72,172,"Portugal",12,6,NA,NA,3,14,8,1,0,0,4,0,"manchester_city"
"Phil Foden47","M",24,67,139,"England",12,4,NA,NA,1,2,17,1,0,1,30,7,"manchester_city"
"Oscar Bobb52","M",21,69,152,"Norway",NA,NA,NA,NA,NA,NA,NA,NA,NA,NA,NA,NA,"manchester_city"
"Jacob Wright56","M",19,70,141,"England",0,0,NA,NA,0,0,0,0,0,0,0,0,"manchester_city"
"Nico O'Reilly75","M",19,74,170,"England",0,0,NA,NA,0,0,0,0,0,0,0,0,"manchester_city"
"James McAtee87","M",22,71,159,"England",2,2,NA,NA,0,0,0,0,0,0,0,0,"manchester_city"
"Farid Alfa-Ruprecht","F",18,69,163,"Germany",NA,NA,NA,NA,NA,NA,NA,NA,NA,NA,NA,NA,"manchester_city"
"Erling Haaland9","F",24,76,192,"Norway",17,0,NA,NA,1,13,10,2,0,13,74,36,"manchester_city"
"Jérémy Doku11","F",22,68,146,"Belgium",13,6,NA,NA,2,2,15,0,0,2,15,4,"manchester_city"
"Savinho26","F",20,70,146,"Brazil",14,5,NA,NA,2,10,11,2,0,0,18,7,"manchester_city"
"Divin Mubama67","F",20,72,165.177524429967,"England",0,0,NA,NA,0,0,0,0,0,0,0,0,"manchester_city"
"Martin Dúbravka1","G",35,75,183,"Slovakia",2,0,3,0,0,0,0,0,0,NA,NA,NA,"newcastle_united"
"Odisseas Vlachodimos19","G",30,74,172,"Greece",0,0,0,0,0,0,0,0,0,NA,NA,NA,"newcastle_united"
"Nick Pope22","G",32,75,168,"England",15,0,54,20,0,0,0,2,0,NA,NA,NA,"newcastle_united"
"John Ruddy26","G",38,76,212,"England",0,0,0,0,0,0,0,0,0,NA,NA,NA,"newcastle_united"
"Mark Gillespie29","G",32,76,183,"England",NA,NA,NA,NA,NA,NA,NA,NA,NA,NA,NA,NA,"newcastle_united"
"Kieran Trippier2","D",34,70,157,"England",9,6,NA,NA,0,7,2,0,0,0,1,0,"newcastle_united"
"Sven Botman4","D",24,76,179,"Netherlands",NA,NA,NA,NA,NA,NA,NA,NA,NA,NA,NA,NA,"newcastle_united"
"Fabian Schär5","D",33,73,183,"Switzerland",15,0,NA,NA,0,11,6,4,1,2,14,2,"newcastle_united"
"Jamaal Lascelles6","D",31,74,194,"England",NA,NA,NA,NA,NA,NA,NA,NA,NA,NA,NA,NA,"newcastle_united"
"Matt Targett13","D",29,72,152,"England",0,0,NA,NA,0,0,0,0,0,0,0,0,"newcastle_united"
"Emil Krafth17","D",30,72,183,"Sweden",3,1,NA,NA,0,2,1,0,0,0,1,0,"newcastle_united"
"Lewis Hall20","D",20,70,161,"England",17,3,NA,NA,2,5,14,3,0,0,6,1,"newcastle_united"
"Valentino Livramento21","D",22,72,141,"England",17,3,NA,NA,0,4,17,0,0,0,1,0,"newcastle_united"
"Lloyd Kelly25","D",26,70,152,"England",8,4,NA,NA,1,4,5,2,0,0,2,0,"newcastle_united"
"Dan Burn33","D",32,78,192,"England",16,0,NA,NA,0,13,5,5,0,0,11,4,"newcastle_united"
"Alex Murphy37","D",20,74,172,"Republic of Ireland",0,0,NA,NA,0,0,0,0,0,0,0,0,"newcastle_united"
"Isaac Hayden","M",29,73,172,"Jamaica",NA,NA,NA,NA,NA,NA,NA,NA,NA,NA,NA,NA,"newcastle_united"
"Sandro Tonali8","M",24,71,172,"Italy",15,7,NA,NA,1,11,20,4,0,0,11,3,"newcastle_united"
"Harvey Barnes11","M",27,69,146,"England",17,11,NA,NA,1,8,11,0,0,5,26,9,"newcastle_united"
"Jacob Murphy23","M",29,70,161,"England",14,4,NA,NA,5,5,3,2,0,3,17,6,"newcastle_united"
"Miguel Almirón24","M",30,69,152,"Paraguay",7,6,NA,NA,0,1,3,0,0,0,4,1,"newcastle_united"
"Joe Willock28","M",25,70,157,"England",14,8,NA,NA,1,9,8,2,0,0,9,1,"newcastle_united"
"Sean Longstaff36","M",27,71,141,"England",16,8,NA,NA,0,8,5,2,0,0,6,1,"newcastle_united"
"Bruno Guimarães39","M",27,72,161,"Brazil",17,0,NA,NA,4,25,61,3,0,1,20,5,"newcastle_united"
"Lewis Miley67","M",18,73,159,"England",1,1,NA,NA,0,0,0,0,0,0,0,0,"newcastle_united"
"Joelinton7","F",28,73,179,"Brazil",16,0,NA,NA,0,35,18,5,0,2,26,8,"newcastle_united"
"Callum Wilson9","F",32,71,146,"England",4,4,NA,NA,0,0,1,1,0,0,0,0,"newcastle_united"
"Anthony Gordon10","F",23,72,159,"England",16,1,NA,NA,3,10,38,1,0,3,30,12,"newcastle_united"
"Alexander Isak14","F",25,76,170,"Sweden",15,0,NA,NA,4,12,6,0,0,10,44,20,"newcastle_united"
"William Osula18","F",21,71,179,"Denmark",5,5,NA,NA,0,1,0,0,0,0,0,0,"newcastle_united"
"Garang Kuol38","F",20,69,150,"Australia",NA,NA,NA,NA,NA,NA,NA,NA,NA,NA,NA,NA,"newcastle_united"
"Bernd Leno1","G",32,74,181,"Germany",17,0,47,21,1,0,1,2,0,NA,NA,NA,"fulham"
"Steven Benda23","G",26,76,183,"Germany",0,0,0,0,0,0,0,0,0,NA,NA,NA,"fulham"
"Alex Borto36","G",21,74,174,"USA",NA,NA,NA,NA,NA,NA,NA,NA,NA,NA,NA,NA,"fulham"
"Kenny Tete2","D",29,71,157,"Netherlands",15,0,NA,NA,2,22,12,3,0,0,19,2,"fulham"
"Calvin Bassey3","D",24,73,168,"Nigeria",16,0,NA,NA,0,13,15,5,0,0,7,2,"fulham"
"Joachim Andersen5","D",28,76,190,"Denmark",9,0,NA,NA,0,5,7,1,1,0,9,3,"fulham"
"Jorge Cuenca15","D",25,75,163,"Spain",4,3,NA,NA,0,0,1,0,0,0,0,0,"fulham"
"Timothy Castagne21","D",29,73,174,"Belgium",7,5,NA,NA,0,0,1,0,0,0,2,1,"fulham"
"Issa Diop31","D",27,76,203,"France",12,3,NA,NA,0,6,2,2,0,0,6,3,"fulham"
"Antonee Robinson33","D",27,72,152,"USA",17,0,NA,NA,6,13,8,3,0,0,10,1,"fulham"
"Samuel Amissah35","D",17,NA,165.177524429967,"England",0,0,NA,NA,0,0,0,0,0,0,0,0,"fulham"
"Luc de Fougerolles44","D",19,70,159,"Canada",NA,NA,NA,NA,NA,NA,NA,NA,NA,NA,NA,NA,"fulham"
"Harrison Reed6","M",29,71,159,"England",8,8,NA,NA,0,5,2,2,0,0,1,0,"fulham"
"Harry Wilson8","M",27,68,139,"Wales",13,10,NA,NA,0,5,8,2,0,3,14,4,"fulham"
"Tom Cairney10","M",33,73,183,"Scotland",11,10,NA,NA,0,3,5,2,1,1,2,1,"fulham"
"Sander Berge16","M",26,77,212,"Norway",14,4,NA,NA,0,10,2,2,0,0,1,0,"fulham"
"Andreas Pereira18","M",28,70,157,"Brazil",15,2,NA,NA,0,14,12,5,0,2,21,7,"fulham"
"Sasa Lukic20","M",28,72,168,"Serbia",12,1,NA,NA,0,24,13,6,0,0,2,0,"fulham"
"Ryan Sessegnon30","M",24,70,152,"England",1,1,NA,NA,0,1,0,0,0,0,0,0,"fulham"
"Emile Smith Rowe32","M",24,72,172,"England",16,2,NA,NA,2,9,9,1,0,3,17,4,"fulham"
"Raúl Jiménez7","F",33,75,168,"Mexico",17,5,NA,NA,2,18,18,2,0,5,34,14,"fulham"
"Rodrigo Muniz9","F",23,70,148,"Brazil",16,11,NA,NA,1,7,17,1,0,2,18,6,"fulham"
"Adama Traoré11","F",28,70,190,"Spain",16,6,NA,NA,4,10,17,2,0,1,22,8,"fulham"
"Carlos Vinícius12","F",29,75,190,"Brazil",1,1,NA,NA,0,0,0,0,0,0,1,1,"fulham"
"Alex Iwobi17","F",28,71,163,"Nigeria",17,0,NA,NA,3,11,10,1,0,5,33,16,"fulham"
"Reiss Nelson19","F",25,69,157,"England",12,7,NA,NA,1,7,10,1,0,1,12,6,"fulham"
"Joshua King24","F",32,71,161,"Norway",2,1,NA,NA,0,1,2,0,0,0,0,0,"fulham"
"Martial Godo47","F",21,67,132,"England",1,1,NA,NA,0,0,0,0,0,0,0,0,"fulham"
"Bart Verbruggen1","G",22,76,146,"Netherlands",15,0,45,24,0,0,0,3,0,NA,NA,NA,"brighton_hove_albion"
"Jason Steele23","G",34,74,172,"England",2,0,3,1,0,0,1,0,0,NA,NA,NA,"brighton_hove_albion"
"Killian Cahill38","G",21,72,148,"--",0,0,0,0,0,0,0,0,0,NA,NA,NA,"brighton_hove_albion"
"Tariq Lamptey2","D",24,64,119,"Ghana",6,3,NA,NA,2,3,2,0,0,1,2,1,"brighton_hove_albion"
"Igor Julio3","D",26,73,185,"Brazil",10,3,NA,NA,0,7,6,3,0,0,1,0,"brighton_hove_albion"
"Adam Webster4","D",29,75,163,"England",3,1,NA,NA,0,1,0,0,0,0,0,0,"brighton_hove_albion"
"Lewis Dunk5","D",33,76,192,"England",13,1,NA,NA,0,4,6,4,0,0,9,2,"brighton_hove_albion"
"Jan Paul van Hecke29","D",24,74,172,"Netherlands",15,1,NA,NA,1,10,5,4,0,0,8,2,"brighton_hove_albion"
"Pervis Estupiñán30","D",26,69,161,"Ecuador",14,3,NA,NA,1,21,8,3,0,0,12,1,"brighton_hove_albion"
"Joël Veltman34","D",32,72,163,"Netherlands",12,0,NA,NA,0,9,27,2,0,0,2,0,"brighton_hove_albion"
"Ruairi Mcconville44","D",19,76,174,"Northern Ireland",0,0,NA,NA,0,0,0,0,0,0,0,0,"brighton_hove_albion"
"Imari Samuels47","D",21,74,172,"England",0,0,NA,NA,0,0,0,0,0,0,0,0,"brighton_hove_albion"
"Ed Turns48","D",22,73,172,"Wales",NA,NA,NA,NA,NA,NA,NA,NA,NA,NA,NA,NA,"brighton_hove_albion"
"Jacob Slater53","D",20,72,165.177524429967,"England",0,0,NA,NA,0,0,0,0,0,0,0,0,"brighton_hove_albion"
"James Milner6","M",38,69,152,"England",3,0,NA,NA,0,3,1,1,0,0,2,0,"brighton_hove_albion"
"Solly March7","M",30,71,192,"England",NA,NA,NA,NA,NA,NA,NA,NA,NA,NA,NA,NA,"brighton_hove_albion"
"Brajan Gruda8","M",20,70,152,"Germany",7,6,NA,NA,0,0,2,0,0,0,1,0,"brighton_hove_albion"
"Julio Enciso10","M",20,68,139,"Paraguay",9,9,NA,NA,0,2,4,0,0,0,10,6,"brighton_hove_albion"
"Jakub Moder15","M",25,74,172,"Poland",2,2,NA,NA,0,0,0,0,0,0,0,0,"brighton_hove_albion"
"Carlos Baleba20","M",20,70,161,"Cameroon",14,2,NA,NA,1,18,21,3,1,2,20,6,"brighton_hove_albion"
"Kaoru Mitoma22","M",27,70,161,"Japan",17,1,NA,NA,2,20,13,0,0,3,32,13,"brighton_hove_albion"
"Ferdi Kadioglu24","M",25,69,150,"Turkey",6,1,NA,NA,0,5,3,1,0,1,4,1,"brighton_hove_albion"
"Yasin Ayari26","M",21,68,150,"Sweden",14,5,NA,NA,0,15,16,2,0,0,13,5,"brighton_hove_albion"
"Mats Wieffer27","M",25,74,172,"Netherlands",13,9,NA,NA,2,14,5,2,0,1,5,2,"brighton_hove_albion"
"Cameron Peupion32","M",22,69,168,"Australia",NA,NA,NA,NA,NA,NA,NA,NA,NA,NA,NA,NA,"brighton_hove_albion"
"Matt O'Riley33","M",24,74,170,"Denmark",5,3,NA,NA,0,2,3,1,0,1,5,2,"brighton_hove_albion"
"Jack Hinshelwood41","M",19,71,168,"England",10,0,NA,NA,0,7,2,2,0,1,8,3,"brighton_hove_albion"
"João Pedro9","F",23,72,152,"Brazil",11,2,NA,NA,3,6,20,1,0,4,18,7,"brighton_hove_albion"
"Simon Adingra11","F",22,69,150,"Ivory Coast",11,8,NA,NA,1,5,0,0,0,1,8,3,"brighton_hove_albion"
"Georginio Rutter14","F",22,72,183,"France",16,3,NA,NA,2,22,25,2,0,2,31,6,"brighton_hove_albion"
"Yankuba Minteh17","F",20,71,141,"Gambia",12,6,NA,NA,1,8,4,2,0,2,9,3,"brighton_hove_albion"
"Danny Welbeck18","F",34,73,161,"England",14,1,NA,NA,2,6,13,1,0,6,35,12,"brighton_hove_albion"
"Evan Ferguson28","F",20,72,172,"Republic of Ireland",12,10,NA,NA,0,3,1,0,0,1,7,2,"brighton_hove_albion"
"Guglielmo Vicario1","G",28,76,183,"Italy",12,0,29,13,0,0,1,1,0,NA,NA,NA,"tottenham_hotspur"
"Fraser Forster20","G",36,79,203,"England",5,0,26,12,0,0,0,0,0,NA,NA,NA,"tottenham_hotspur"
"Brandon Austin40","G",25,74,181,"England",0,0,0,0,0,0,0,0,0,NA,NA,NA,"tottenham_hotspur"
"Alfie Whiteman41","G",26,74,183,"England",NA,NA,NA,NA,NA,NA,NA,NA,NA,NA,NA,NA,"tottenham_hotspur"
"Sergio Reguilón3","D",28,70,150,"Spain",0,0,NA,NA,0,0,0,0,0,0,0,0,"tottenham_hotspur"
"Radu Dragusin6","D",22,75,185,"Romania",10,2,NA,NA,0,3,7,0,0,0,3,1,"tottenham_hotspur"
"Destiny Udogie13","D",22,73,161,"Italy",16,0,NA,NA,1,20,27,2,0,0,5,1,"tottenham_hotspur"
"Cristian Romero17","D",26,73,172,"Argentina",12,0,NA,NA,0,7,9,1,0,1,11,4,"tottenham_hotspur"
"Pedro Porro23","D",25,68,150,"Spain",17,2,NA,NA,2,10,17,2,0,2,25,6,"tottenham_hotspur"
"Djed Spence24","D",24,73,157,"England",6,4,NA,NA,1,1,0,1,0,0,1,0,"tottenham_hotspur"
"Ben Davies33","D",31,71,170,"Wales",4,1,NA,NA,0,2,1,1,0,0,0,0,"tottenham_hotspur"
"Micky van de Ven37","D",23,76,179,"Netherlands",9,0,NA,NA,2,8,6,4,0,0,5,1,"tottenham_hotspur"
"Alfie Dorrington48","D",19,71,163,"England",1,1,NA,NA,0,0,0,0,0,0,0,0,"tottenham_hotspur"
"Dante Cassanova59","D",20,70,146,"Jamaica",NA,NA,NA,NA,NA,NA,NA,NA,NA,NA,NA,NA,"tottenham_hotspur"
"Maeson King74","D",19,NA,165.177524429967,"England",0,0,NA,NA,0,0,0,0,0,0,0,0,"tottenham_hotspur"
"Malachi Hardy79","D",16,74,172,"England",0,0,NA,NA,0,0,0,0,0,0,0,0,"tottenham_hotspur"
"Yves Bissouma8","M",28,72,174,"Mali",13,4,NA,NA,0,14,14,5,0,2,4,2,"tottenham_hotspur"
"James Maddison10","M",28,69,161,"England",17,3,NA,NA,4,15,40,3,0,8,27,16,"tottenham_hotspur"
"Archie Gray14","M",18,74,152,"England",10,7,NA,NA,0,2,3,0,0,0,1,1,"tottenham_hotspur"
"Lucas Bergvall15","M",18,74,161,"Sweden",11,10,NA,NA,0,7,2,2,0,0,2,0,"tottenham_hotspur"
"Dejan Kulusevski21","M",24,73,174,"Sweden",17,2,NA,NA,3,22,25,3,0,5,28,11,"tottenham_hotspur"
"Pape Matar Sarr29","M",22,73,152,"Senegal",17,7,NA,NA,2,18,20,3,0,1,16,7,"tottenham_hotspur"
"Rodrigo Bentancur30","M",27,74,159,"Uruguay",10,3,NA,NA,1,13,3,4,0,1,11,2,"tottenham_hotspur"
"Callum Olusesi64","M",17,69,141,"England",0,0,NA,NA,0,0,0,0,0,0,0,0,"tottenham_hotspur"
"Son Heung-Min7","F",32,72,172,"South Korea",14,1,NA,NA,6,3,11,0,0,5,31,16,"tottenham_hotspur"
"Richarlison9","F",27,72,183,"Brazil",5,5,NA,NA,1,1,2,1,0,0,1,0,"tottenham_hotspur"
"Timo Werner16","F",28,71,163,"Germany",14,11,NA,NA,3,2,5,0,0,0,8,3,"tottenham_hotspur"
"Dominic Solanke19","F",27,74,174,"England",14,0,NA,NA,3,22,19,0,0,6,33,17,"tottenham_hotspur"
"Brennan Johnson22","F",23,73,161,"Wales",17,4,NA,NA,2,12,10,3,0,6,37,12,"tottenham_hotspur"
"Wilson Odobert28","F",20,72,168,"France",3,1,NA,NA,0,0,2,0,0,0,6,0,"tottenham_hotspur"
"Will Lankshear42","F",19,74,174,"England",2,2,NA,NA,0,0,0,0,0,0,0,0,"tottenham_hotspur"
"Mikey Moore47","F",17,71,163,"England",4,3,NA,NA,0,0,3,0,0,0,1,0,"tottenham_hotspur"
"Damola Ajayi63","F",18,69,163,"England",NA,NA,NA,NA,NA,NA,NA,NA,NA,NA,NA,NA,"tottenham_hotspur"
"Luca Williams-Barnett78","F",16,69,165.177524429967,"England",0,0,NA,NA,0,0,0,0,0,0,0,0,"tottenham_hotspur"
"Julian Eyestone","G",18,NA,165.177524429967,"USA",NA,NA,NA,NA,NA,NA,NA,NA,NA,NA,NA,NA,"brentford"
"Mark Flekken1","G",31,77,192,"Netherlands",17,0,82,31,1,0,2,1,0,NA,NA,NA,"brentford"
"Hákon Rafn Valdimarsson12","G",23,74,194,"Iceland",0,0,0,0,0,0,0,0,0,NA,NA,NA,"brentford"
"Matthew Cox34","G",21,72,139,"England",NA,NA,NA,NA,NA,NA,NA,NA,NA,NA,NA,NA,"brentford"
"Aaron Hickey2","D",22,70,159,"Scotland",NA,NA,NA,NA,NA,NA,NA,NA,NA,NA,NA,NA,"brentford"
"Rico Henry3","D",27,67,148,"England",NA,NA,NA,NA,NA,NA,NA,NA,NA,NA,NA,NA,"brentford"
"Sepp van den Berg4","D",23,74,161,"Netherlands",14,1,NA,NA,0,11,3,1,0,0,8,3,"brentford"
"Ethan Pinnock5","D",31,74,172,"Jamaica",16,0,NA,NA,0,5,3,2,0,2,10,6,"brentford"
"Ben Mee16","D",35,71,161,"England",4,3,NA,NA,0,2,0,1,0,0,0,0,"brentford"
"Kristoffer Ajer20","D",26,78,203,"Norway",10,1,NA,NA,0,8,4,3,0,0,3,2,"brentford"
"Jayden Meghoma21","D",18,69,174,"England",1,1,NA,NA,0,0,0,0,0,0,0,0,"brentford"
"Nathan Collins22","D",23,76,183,"Republic of Ireland",17,0,NA,NA,1,12,10,2,0,2,12,5,"brentford"
"Mads Roerslev30","D",25,72,170,"Denmark",13,8,NA,NA,1,3,5,1,0,0,1,0,"brentford"
"Kim Ji-Soo36","D",19,76,183,"South Korea",0,0,NA,NA,0,0,0,0,0,0,0,0,"brentford"
"Christian Nørgaard6","M",30,74,161,"Denmark",14,0,NA,NA,2,18,18,2,1,1,15,5,"brentford"
"Kevin Schade7","M",23,72,161,"Germany",17,9,NA,NA,2,8,11,2,0,4,20,9,"brentford"
"Mathias Jensen8","M",28,71,159,"Denmark",8,2,NA,NA,1,6,9,1,0,0,5,1,"brentford"
"Josh Dasilva10","M",26,72,163,"England",NA,NA,NA,NA,NA,NA,NA,NA,NA,NA,NA,NA,"brentford"
"Yoane Wissa11","M",28,69,161,"Congo DR",14,1,NA,NA,1,9,22,2,0,9,24,14,"brentford"
"Fábio Carvalho14","M",22,67,137,"Portugal",16,13,NA,NA,1,5,10,1,0,1,10,4,"brentford"
"Yehor Yarmoliuk18","M",20,71,159,"Ukraine",12,8,NA,NA,0,2,2,1,0,0,5,1,"brentford"
"Bryan Mbeumo19","M",25,68,139,"Cameroon",17,0,NA,NA,2,12,18,2,0,10,28,16,"brentford"
"Mikkel Damsgaard24","M",24,71,146,"Denmark",17,3,NA,NA,5,7,13,1,0,2,15,6,"brentford"
"Yunus Konak26","M",18,71,168,"--",5,5,NA,NA,0,2,0,0,0,0,1,0,"brentford"
"Vitaly Janelt27","M",26,72,172,"Germany",16,2,NA,NA,3,13,9,2,0,1,10,3,"brentford"
"Ryan Trevitt28","M",21,67,141,"England",1,1,NA,NA,0,0,0,0,0,0,0,0,"brentford"
"Paris Maghoma32","M",23,71,150,"England",3,3,NA,NA,0,1,3,0,0,0,0,0,"brentford"
"Tony Yogane42","M",19,70,150,"England",0,0,NA,NA,0,0,0,0,0,0,0,0,"brentford"
"Thiago9","F",23,75,185,"Brazil",4,3,NA,NA,0,3,3,0,0,0,1,0,"brentford"
"Keane Lewis-Potter23","F",23,67,148,"England",17,2,NA,NA,1,7,12,3,0,0,15,8,"brentford"
"Gustavo Nunes39","F",19,68,150,"Brazil",NA,NA,NA,NA,NA,NA,NA,NA,NA,NA,NA,NA,"brentford"
"Iwan Morgan40","F",18,72,163,"Wales",NA,NA,NA,NA,NA,NA,NA,NA,NA,NA,NA,NA,"brentford"
"Altay Bayindir1","G",26,78,192,"Turkey",0,0,0,0,0,0,0,0,0,NA,NA,NA,"manchester_united"
"Tom Heaton22","G",38,74,185,"England",0,0,0,0,0,0,0,0,0,NA,NA,NA,"manchester_united"
"André Onana24","G",28,75,203,"Cameroon",17,0,42,22,0,0,2,0,0,NA,NA,NA,"manchester_united"
"Victor Lindelöf2","D",30,74,174,"Sweden",5,5,NA,NA,0,2,0,1,0,0,0,0,"manchester_united"
"Noussair Mazraoui3","D",27,72,139,"Morocco",17,2,NA,NA,1,19,12,1,0,0,5,1,"manchester_united"
"Matthijs de Ligt4","D",25,74,194,"Netherlands",16,3,NA,NA,0,9,6,2,0,1,8,5,"manchester_united"
"Harry Maguire5","D",31,76,196,"England",10,4,NA,NA,0,7,2,4,0,0,1,0,"manchester_united"
"Lisandro Martínez6","D",26,69,159,"Argentina",14,0,NA,NA,1,13,4,5,0,0,12,3,"manchester_united"
"Tyrell Malacia12","D",25,67,148,"Netherlands",2,0,NA,NA,0,3,2,1,0,0,0,0,"manchester_united"
"Leny Yoro15","D",19,75,183,"France",4,3,NA,NA,0,0,0,0,0,0,2,1,"manchester_united"
"Diogo Dalot20","D",25,72,172,"Portugal",17,0,NA,NA,1,23,5,3,0,0,11,3,"manchester_united"
"Luke Shaw23","D",29,70,174,"England",2,2,NA,NA,0,0,0,0,0,0,0,0,"manchester_united"
"Jonny Evans35","D",36,74,170,"Northern Ireland",6,3,NA,NA,0,5,6,1,0,0,1,0,"manchester_united"
"Harry Amass41","D",17,71,157,"England",0,0,NA,NA,0,0,0,0,0,0,0,0,"manchester_united"
"Habeeb Ogunneye75","D",19,70,139,"England",NA,NA,NA,NA,NA,NA,NA,NA,NA,NA,NA,NA,"manchester_united"
"Godwill Kukonki87","D",16,77,165.177524429967,"England",0,0,NA,NA,0,0,0,0,0,0,0,0,"manchester_united"
"Mason Mount7","M",25,71,168,"England",8,4,NA,NA,0,8,4,2,0,0,3,2,"manchester_united"
"Bruno Fernandes8","M",30,70,146,"Portugal",17,0,NA,NA,5,13,20,1,1,4,50,12,"manchester_united"
"Christian Eriksen14","M",32,72,168,"Denmark",9,3,NA,NA,0,3,2,2,0,0,3,0,"manchester_united"
"Casemiro18","M",32,73,183,"Brazil",12,3,NA,NA,0,9,11,1,0,1,15,4,"manchester_united"
"Manuel Ugarte25","M",23,72,170,"Uruguay",12,5,NA,NA,0,20,10,4,0,0,3,0,"manchester_united"
"Kobbie Mainoo37","M",19,69,159,"England",11,1,NA,NA,0,15,17,5,0,0,6,1,"manchester_united"
"Toby Collyer43","M",20,71,161,"England",1,1,NA,NA,0,0,2,0,0,0,0,0,"manchester_united"
"Daniel Gore44","M",20,67,137,"England",NA,NA,NA,NA,NA,NA,NA,NA,NA,NA,NA,NA,"manchester_united"
"Jack Fletcher57","M",17,71,172,"England",0,0,NA,NA,0,0,0,0,0,0,0,0,"manchester_united"
"Jayce Fitzgerald76","M",17,70,152,"England",0,0,NA,NA,0,0,0,0,0,0,0,0,"manchester_united"
"Rasmus Højlund9","F",21,75,190,"Denmark",12,4,NA,NA,0,6,12,1,0,2,10,5,"manchester_united"
"Marcus Rashford10","F",27,71,152,"England",15,3,NA,NA,1,8,7,2,0,4,16,8,"manchester_united"
"Joshua Zirkzee11","F",23,76,183,"Netherlands",17,11,NA,NA,1,5,2,1,0,3,16,8,"manchester_united"
"Amad16","F",22,68,159,"Ivory Coast",15,5,NA,NA,6,10,12,2,0,2,25,9,"manchester_united"
"Alejandro Garnacho17","F",20,71,161,"Argentina",16,6,NA,NA,1,5,19,1,0,3,37,16,"manchester_united"
"Antony21","F",24,69,139,"Brazil",4,4,NA,NA,0,1,1,0,0,0,3,2,"manchester_united"
"Ethan Wheatley36","F",18,74,168,"England",0,0,NA,NA,0,0,0,0,0,0,0,0,"manchester_united"
"Lukasz Fabianski1","G",39,75,183,"Poland",10,1,37,16,0,1,0,2,0,NA,NA,NA,"west_ham_united"
"Wes Foderingham21","G",33,73,163,"England",0,0,0,0,0,0,0,0,0,NA,NA,NA,"west_ham_united"
"Alphonse Areola23","G",31,77,205,"France",8,0,20,13,0,0,0,0,0,NA,NA,NA,"west_ham_united"
"Aaron Cresswell3","D",35,67,146,"England",5,5,NA,NA,0,1,0,1,0,0,1,0,"west_ham_united"
"Vladimír Coufal5","D",32,69,168,"Czechia",10,6,NA,NA,0,12,6,2,0,0,3,0,"west_ham_united"
"Konstantinos Mavropanos15","D",27,76,205,"Greece",14,3,NA,NA,0,7,8,2,0,0,11,2,"west_ham_united"
"Jean-Clair Todibo25","D",24,76,192,"France",12,5,NA,NA,0,6,3,0,0,0,2,0,"west_ham_united"
"Max Kilman26","D",27,76,194,"England",17,0,NA,NA,1,8,6,3,0,0,10,2,"west_ham_united"
"Aaron Wan-Bissaka29","D",27,72,159,"England",16,1,NA,NA,0,12,8,0,0,2,7,3,"west_ham_united"
"Emerson33","D",30,69,139,"Italy",16,1,NA,NA,1,14,6,5,0,1,8,3,"west_ham_united"
"Kaelan Casey42","D",20,73,152,"England",1,1,NA,NA,0,0,0,0,0,0,0,0,"west_ham_united"
"Oliver Scarles57","D",19,72,163,"England",2,2,NA,NA,0,0,0,0,0,0,0,0,"west_ham_united"
"Ezra Mayers63","D",17,72,165.177524429967,"England",0,0,NA,NA,0,0,0,0,0,0,0,0,"west_ham_united"
"Carlos Soler4","M",27,71,168,"Spain",13,7,NA,NA,1,16,7,5,0,0,14,2,"west_ham_united"
"Lucas Paquetá10","M",27,71,159,"Brazil",17,3,NA,NA,0,26,19,5,0,3,23,4,"west_ham_united"
"Mohammed Kudus14","M",24,70,152,"Ghana",12,0,NA,NA,1,14,25,0,1,3,36,13,"west_ham_united"
"Edson Álvarez19","M",27,74,161,"Mexico",13,4,NA,NA,0,15,10,5,1,0,7,1,"west_ham_united"
"Guido Rodríguez24","M",30,73,174,"Argentina",15,4,NA,NA,0,12,6,4,0,0,7,1,"west_ham_united"
"Tomás Soucek28","M",29,76,190,"Czechia",16,3,NA,NA,0,19,10,4,0,4,29,7,"west_ham_united"
"Andrew Irving39","M",24,75,146,"Scotland",5,5,NA,NA,0,2,0,1,0,0,0,0,"west_ham_united"
"Lewis Orford61","M",18,74,161,"England",0,0,NA,NA,0,0,0,0,0,0,0,0,"west_ham_united"
"Crysencio Summerville7","F",23,69,139,"Netherlands",16,10,NA,NA,1,6,16,2,0,1,10,1,"west_ham_united"
"Michail Antonio9","F",34,71,181,"Jamaica",14,3,NA,NA,1,9,7,1,0,1,19,4,"west_ham_united"
"Niclas Füllkrug11","F",31,74,183,"Germany",6,5,NA,NA,0,6,0,0,0,1,5,2,"west_ham_united"
"Luis Guilherme17","F",18,70,161,"Brazil",2,2,NA,NA,0,0,2,0,0,0,0,0,"west_ham_united"
"Danny Ings18","F",32,70,161,"England",9,8,NA,NA,1,0,1,0,0,1,10,5,"west_ham_united"
"Jarrod Bowen20","F",28,69,152,"England",17,0,NA,NA,4,12,19,1,0,4,43,20,"west_ham_united"
"Jordan Pickford1","G",30,73,181,"England",16,0,45,21,0,0,2,3,0,NA,NA,NA,"everton"
"João Virgínia12","G",25,76,183,"Portugal",0,0,0,0,0,0,0,0,0,NA,NA,NA,"everton"
"Asmir Begovic31","G",37,78,223,"Bosnia and Herzegovina",0,0,0,0,0,0,0,0,0,NA,NA,NA,"everton"
"Nathan Patterson2","D",23,74,183,"Scotland",1,1,NA,NA,0,0,0,0,0,0,0,0,"everton"
"Michael Keane5","D",31,75,181,"England",9,0,NA,NA,0,8,0,4,0,2,7,2,"everton"
"James Tarkowski6","D",32,73,179,"England",16,0,NA,NA,0,17,10,3,0,0,9,2,"everton"
"Jake O'Brien15","D",23,78,203,"Republic of Ireland",2,2,NA,NA,0,1,0,1,0,0,0,0,"everton"
"Ashley Young18","D",39,69,141,"England",14,0,NA,NA,3,16,11,5,1,1,5,1,"everton"
"Vitaliy Mykolenko19","D",25,71,157,"Ukraine",14,0,NA,NA,0,11,15,1,0,0,9,0,"everton"
"Seamus Coleman23","D",36,70,148,"Republic of Ireland",2,1,NA,NA,0,0,0,0,0,0,1,1,"everton"
"Jarrad Branthwaite32","D",22,77,192,"England",9,2,NA,NA,0,0,4,0,0,0,1,0,"everton"
"Bradley Moonan72","D",18,72,161,"England",NA,NA,NA,NA,NA,NA,NA,NA,NA,NA,NA,NA,"everton"
"Roman Quintyne75","D",19,69,141,"England",1,0,NA,NA,0,0,0,0,0,0,0,0,"everton"
"Orel Mangala8","M",26,70,174,"Belgium",13,5,NA,NA,0,15,11,1,0,1,9,4,"everton"
"Abdoulaye Doucouré16","M",31,72,163,"Mali",14,1,NA,NA,0,21,2,0,0,0,7,1,"everton"
"Idrissa Gueye27","M",35,69,146,"Senegal",15,2,NA,NA,0,26,18,2,0,0,13,2,"everton"
"Jesper Lindstrom29","M",24,72,146,"Denmark",12,6,NA,NA,0,2,3,0,0,0,19,5,"everton"
"James Garner37","M",23,73,172,"England",4,2,NA,NA,1,4,0,1,0,0,2,0,"everton"
"Tim Iroegbunam42","M",21,72,152,"England",6,2,NA,NA,0,10,6,2,0,0,4,0,"everton"
"Harrison Armstrong45","M",17,73,152,"England",2,2,NA,NA,0,1,1,1,0,0,0,0,"everton"
"Luke Butterfield69","M",21,69,139,"Scotland",NA,NA,NA,NA,NA,NA,NA,NA,NA,NA,NA,NA,"everton"
"Owen Barker79","M",19,68,137,"England",NA,NA,NA,NA,NA,NA,NA,NA,NA,NA,NA,NA,"everton"
"Callum Bates92","M",19,71,172,"England",0,0,NA,NA,0,0,0,0,0,0,0,0,"everton"
"Dwight McNeil7","F",25,72,150,"England",13,0,NA,NA,4,6,13,1,0,3,23,8,"everton"
"Dominic Calvert-Lewin9","F",27,74,157,"England",16,1,NA,NA,1,17,16,1,0,2,34,14,"everton"
"Iliman Ndiaye10","F",24,71,152,"Senegal",16,2,NA,NA,0,9,24,2,0,2,16,6,"everton"
"Jack Harrison11","F",28,69,152,"England",15,6,NA,NA,0,4,13,0,0,0,14,3,"everton"
"Beto14","F",26,76,192,"Guinea-Bissau",10,9,NA,NA,0,7,6,1,0,1,10,3,"everton"
"Youssef Chermiti17","F",20,76,183,"Portugal",0,0,NA,NA,0,0,0,0,0,0,0,0,"everton"
"Armando Broja22","F",23,75,183,"Albania",2,2,NA,NA,0,1,0,1,0,0,0,0,"everton"
"Martin Sherif67","F",18,72,157,"Netherlands",NA,NA,NA,NA,NA,NA,NA,NA,NA,NA,NA,NA,"everton"
"Dean Henderson1","G",27,74,185,"England",17,0,52,24,0,0,0,2,0,NA,NA,NA,"crystal_palace"
"Matt Turner30","G",30,75,183,"USA",0,0,0,0,0,0,0,0,0,NA,NA,NA,"crystal_palace"
"Remi Matthews31","G",30,72,172,"England",0,0,0,0,0,0,0,0,0,NA,NA,NA,"crystal_palace"
"Joel Ward2","D",35,74,183,"England",0,0,NA,NA,0,0,0,0,0,0,0,0,"crystal_palace"
"Tyrick Mitchell3","D",25,69,150,"England",17,0,NA,NA,3,9,13,2,0,0,3,0,"crystal_palace"
"Rob Holding4","D",29,74,179,"England",0,0,NA,NA,0,0,0,0,0,0,0,0,"crystal_palace"
"Maxence Lacroix5","D",24,75,192,"France",14,0,NA,NA,1,14,6,3,0,1,12,1,"crystal_palace"
"Marc Guéhi6","D",24,72,174,"England",17,0,NA,NA,1,8,13,4,0,2,12,6,"crystal_palace"
"Daniel Muñoz12","D",28,71,161,"Colombia",16,0,NA,NA,1,21,8,5,0,2,16,6,"crystal_palace"
"Nathaniel Clyne17","D",33,69,148,"England",8,4,NA,NA,0,1,2,1,0,0,1,0,"crystal_palace"
"Chris Richards26","D",24,74,192,"USA",7,2,NA,NA,0,3,2,1,0,0,2,0,"crystal_palace"
"Trevoh Chalobah27","D",25,75,163,"England",10,0,NA,NA,0,8,13,1,0,2,7,2,"crystal_palace"
"Chadi Riad34","D",21,73,172,"Morocco",1,0,NA,NA,0,1,0,0,0,0,0,0,"crystal_palace"
"Caleb Kporha58","D",18,67,148,"England",2,2,NA,NA,0,0,0,0,0,0,0,0,"crystal_palace"
"Jefferson Lerma8","M",30,70,152,"Colombia",13,4,NA,NA,0,10,15,4,0,0,11,2,"crystal_palace"
"Eberechi Eze10","M",26,70,161,"England",13,0,NA,NA,2,5,20,0,0,1,42,11,"crystal_palace"
"Jeff Schlupp15","M",32,70,159,"Ghana",11,11,NA,NA,0,0,0,0,0,0,4,1,"crystal_palace"
"Daichi Kamada18","M",28,72,168,"Japan",13,5,NA,NA,0,16,11,2,1,0,9,3,"crystal_palace"
"Will Hughes19","M",29,73,161,"England",15,5,NA,NA,2,26,12,6,0,0,10,1,"crystal_palace"
"Adam Wharton20","M",20,72,170,"England",8,0,NA,NA,0,5,12,0,0,0,9,5,"crystal_palace"
"Cheick Doucouré28","M",24,71,161,"Mali",9,6,NA,NA,0,4,5,1,0,0,6,0,"crystal_palace"
"Kaden Rodney42","M",20,74,148,"England",0,0,NA,NA,0,0,0,0,0,0,0,0,"crystal_palace"
"Justin Devenny55","M",21,70,161,"Northern Ireland",7,5,NA,NA,0,2,0,0,0,1,4,1,"crystal_palace"
"Asher Agbinone64","M",19,70,150,"England",2,2,NA,NA,0,0,0,0,0,0,1,0,"crystal_palace"
"Ismaïla Sarr7","F",26,73,168,"Senegal",17,7,NA,NA,2,7,22,3,0,4,27,16,"crystal_palace"
"Eddie Nketiah9","F",25,69,159,"England",12,6,NA,NA,1,12,16,2,0,0,20,6,"crystal_palace"
"Matheus França11","F",20,70,148,"Brazil",NA,NA,NA,NA,NA,NA,NA,NA,NA,NA,NA,NA,"crystal_palace"
"Jean-Philippe Mateta14","F",27,76,192,"France",17,2,NA,NA,1,15,13,2,0,4,33,10,"crystal_palace"
"Franco Umeh-Chibueze46","F",19,73,161,"--",0,0,NA,NA,0,0,0,0,0,0,0,0,"crystal_palace"
"Zach Marsh63","F",19,69,130,"England",0,0,NA,NA,0,0,0,0,0,0,0,0,"crystal_palace"
"Danny Ward1","G",31,75,192,"Wales",2,1,4,6,0,0,0,0,0,NA,NA,NA,"leicester_city"
"Mads Hermansen30","G",24,74,179,"Denmark",16,0,66,29,0,0,2,0,0,NA,NA,NA,"leicester_city"
"Daniel Iversen31","G",27,76,174,"Denmark",0,0,0,0,0,0,0,0,0,NA,NA,NA,"leicester_city"
"Jakub Stolarczyk41","G",24,76,179,"Poland",NA,NA,NA,NA,NA,NA,NA,NA,NA,NA,NA,NA,"leicester_city"
"James Justin2","D",26,72,174,"England",16,0,NA,NA,1,9,21,2,0,2,13,4,"leicester_city"
"Wout Faes3","D",26,74,183,"Belgium",16,3,NA,NA,0,10,5,2,0,1,7,1,"leicester_city"
"Conor Coady4","D",31,73,174,"England",6,1,NA,NA,0,2,0,1,0,0,0,0,"leicester_city"
"Caleb Okoli5","D",23,75,201,"Italy",10,1,NA,NA,0,7,7,2,0,0,4,2,"leicester_city"
"Victor Kristiansen16","D",22,71,161,"Denmark",15,0,NA,NA,1,10,11,1,0,0,1,1,"leicester_city"
"Ricardo Pereira21","D",31,69,152,"Portugal",2,0,NA,NA,0,1,3,1,0,0,0,0,"leicester_city"
"Jannik Vestergaard23","D",32,78,205,"Denmark",9,1,NA,NA,0,8,2,3,0,0,1,0,"leicester_city"
"Luke Thomas33","D",23,71,157,"England",1,0,NA,NA,0,0,1,0,0,0,1,0,"leicester_city"
"Wilfred Ndidi6","M",28,72,161,"Nigeria",15,0,NA,NA,4,25,7,4,0,0,12,6,"leicester_city"
"Harry Winks8","M",28,70,141,"England",12,2,NA,NA,2,5,7,3,0,0,7,2,"leicester_city"
"Bilal El Khannouss11","M",20,71,152,"Morocco",12,5,NA,NA,1,13,2,0,0,1,3,1,"leicester_city"
"Hamza Choudhury17","M",27,70,139,"Bangladesh",3,2,NA,NA,0,1,0,0,0,0,0,0,"leicester_city"
"Oliver Skipp22","M",24,69,152,"England",11,4,NA,NA,0,10,11,4,0,0,2,1,"leicester_city"
"Boubakary Soumaré24","M",25,74,152,"France",10,4,NA,NA,0,7,7,6,0,0,2,0,"leicester_city"
"Michael Golding34","M",18,70,161,"England",NA,NA,NA,NA,NA,NA,NA,NA,NA,NA,NA,NA,"leicester_city"
"Kasey McAteer35","M",23,70,150,"England",9,5,NA,NA,1,6,8,0,0,0,6,2,"leicester_city"
"Will Alves37","M",19,76,183,"England",NA,NA,NA,NA,NA,NA,NA,NA,NA,NA,NA,NA,"leicester_city"
"Facundo Buonanotte40","M",20,69,146,"Argentina",14,4,NA,NA,2,19,20,5,0,4,21,9,"leicester_city"
"Henry Cartwright49","M",20,NA,165.177524429967,"England",0,0,NA,NA,0,0,0,0,0,0,0,0,"leicester_city"
"Fatawu Issahaku7","F",20,70,161,"Ghana",11,5,NA,NA,2,9,20,0,0,0,13,5,"leicester_city"
"Jamie Vardy9","F",37,70,161,"England",16,0,NA,NA,3,13,8,4,0,6,24,10,"leicester_city"
"Stephy Mavididi10","F",26,72,157,"England",16,7,NA,NA,0,12,12,2,0,2,13,4,"leicester_city"
"Bobby De Cordova-Reid14","F",31,67,150,"Jamaica",12,10,NA,NA,0,5,7,0,0,1,6,2,"leicester_city"
"Jordan Ayew18","F",33,72,174,"Ghana",16,8,NA,NA,0,17,25,4,0,3,18,5,"leicester_city"
"Patson Daka20","F",26,72,157,"Zambia",5,5,NA,NA,0,1,4,0,0,1,3,1,"leicester_city"
"Odsonne Édouard29","F",26,74,183,"France",6,5,NA,NA,0,6,0,0,0,0,5,1,"leicester_city"
"José Sá1","G",31,76,183,"Portugal",10,0,31,21,0,2,5,1,0,NA,NA,NA,"wolverhampton_wanderers"
"Daniel Bentley25","G",31,74,161,"England",0,0,0,0,0,0,0,0,0,NA,NA,NA,"wolverhampton_wanderers"
"Sam Johnstone31","G",31,76,185,"England",7,0,23,16,0,0,0,0,0,NA,NA,NA,"wolverhampton_wanderers"
"Tom King40","G",29,76,174,"Wales",NA,NA,NA,NA,NA,NA,NA,NA,NA,NA,NA,NA,"wolverhampton_wanderers"
"Matt Doherty2","D",32,73,174,"Republic of Ireland",10,4,NA,NA,1,6,4,1,0,1,7,2,"wolverhampton_wanderers"
"Rayan Aït-Nouri3","D",23,71,152,"Algeria",16,0,NA,NA,3,18,18,5,1,3,15,4,"wolverhampton_wanderers"
"Santiago Bueno4","D",26,75,168,"Uruguay",10,1,NA,NA,0,14,2,0,0,0,2,1,"wolverhampton_wanderers"
"Yerson Mosquera14","D",23,74,168,"Colombia",5,0,NA,NA,0,6,7,2,0,0,2,0,"wolverhampton_wanderers"
"Craig Dawson15","D",34,74,181,"England",13,4,NA,NA,0,5,4,2,0,0,6,3,"wolverhampton_wanderers"
"Nélson Semedo22","D",31,70,150,"Portugal",14,0,NA,NA,3,21,11,5,0,0,7,3,"wolverhampton_wanderers"
"Toti Gomes24","D",25,74,159,"Portugal",15,1,NA,NA,1,11,8,4,0,0,2,0,"wolverhampton_wanderers"
"Bastien Meupiyou33","D",18,75,174,"France",0,0,NA,NA,0,0,0,0,0,0,0,0,"wolverhampton_wanderers"
"Pedro Lima37","D",18,69,150,"Brazil",0,0,NA,NA,0,0,0,0,0,0,0,0,"wolverhampton_wanderers"
"Alfie Pond46","D",20,75,190,"England",1,1,NA,NA,0,0,0,0,0,0,0,0,"wolverhampton_wanderers"
"Mario Lemina5","M",31,72,185,"Gabon",16,1,NA,NA,3,17,8,4,0,1,18,5,"wolverhampton_wanderers"
"Boubacar Traoré6","M",23,72,148,"Mali",0,0,NA,NA,0,0,0,0,0,0,0,0,"wolverhampton_wanderers"
"André7","M",23,69,170,"Brazil",13,2,NA,NA,0,9,16,2,0,0,2,1,"wolverhampton_wanderers"
"João Gomes8","M",23,69,161,"Brazil",16,0,NA,NA,1,38,15,5,0,2,18,6,"wolverhampton_wanderers"
"Tommy Doyle20","M",23,68,161,"England",13,11,NA,NA,1,4,3,0,0,0,7,2,"wolverhampton_wanderers"
"Pablo Sarabia21","M",32,69,152,"Spain",5,3,NA,NA,0,1,4,1,0,1,3,3,"wolverhampton_wanderers"
"Jean-Ricner Bellegarde27","M",26,67,152,"France",15,6,NA,NA,2,13,19,2,0,1,9,2,"wolverhampton_wanderers"
"Luke Cundle34","M",22,67,137,"England",0,0,NA,NA,0,0,0,0,0,0,0,0,"wolverhampton_wanderers"
"Luke Rawlings62","M",16,70,152,"England",NA,NA,NA,NA,NA,NA,NA,NA,NA,NA,NA,NA,"wolverhampton_wanderers"
"Jørgen Strand Larsen9","F",24,76,172,"Norway",17,0,NA,NA,2,22,10,2,0,6,26,16,"wolverhampton_wanderers"
"Matheus Cunha10","F",25,72,168,"Brazil",17,1,NA,NA,3,22,30,2,0,9,48,17,"wolverhampton_wanderers"
"Hwang Hee-Chan11","F",28,70,170,"South Korea",11,9,NA,NA,0,1,6,0,0,0,0,0,"wolverhampton_wanderers"
"Sasa Kalajdzic18","F",27,79,196,"Austria",NA,NA,NA,NA,NA,NA,NA,NA,NA,NA,NA,NA,"wolverhampton_wanderers"
"Rodrigo Gomes19","F",21,69,148,"Portugal",10,6,NA,NA,0,0,3,0,0,1,3,1,"wolverhampton_wanderers"
"Carlos Forbs26","F",20,67,137,"Portugal",7,6,NA,NA,0,2,1,2,0,0,2,0,"wolverhampton_wanderers"
"Goncalo Guedes29","F",28,70,150,"Portugal",14,12,NA,NA,4,5,7,1,0,2,8,5,"wolverhampton_wanderers"
"Enso González30","F",19,67,150,"Paraguay",NA,NA,NA,NA,NA,NA,NA,NA,NA,NA,NA,NA,"wolverhampton_wanderers"
"Nathan Fraser63","F",19,74,181,"England",NA,NA,NA,NA,NA,NA,NA,NA,NA,NA,NA,NA,"wolverhampton_wanderers"
"Tom Edozie74","F",18,70,165.177524429967,"England",0,0,NA,NA,0,0,0,0,0,0,0,0,"wolverhampton_wanderers"
"Aro Muric1","G",26,78,179,"Kosovo",16,0,65,30,0,0,4,1,0,NA,NA,NA,"ipswich_town"
"Cieran Slicker13","G",22,75,181,"Scotland",0,0,0,0,0,0,0,0,0,NA,NA,NA,"ipswich_town"
"Christian Walton28","G",29,77,163,"England",1,0,3,2,0,0,0,0,0,NA,NA,NA,"ipswich_town"
"Harrison Clarke2","D",23,71,157,"England",6,2,NA,NA,0,4,1,2,1,0,1,1,"ipswich_town"
"Leif Davis3","D",24,72,152,"England",17,0,NA,NA,2,16,18,2,0,1,10,2,"ipswich_town"
"Luke Woolfenden6","D",26,76,152,"England",5,1,NA,NA,0,2,1,1,0,0,1,0,"ipswich_town"
"Cameron Burgess15","D",29,76,203,"Australia",9,0,NA,NA,1,2,2,0,0,0,9,1,"ipswich_town"
"Ben Johnson18","D",24,69,148,"England",9,4,NA,NA,1,9,3,1,0,0,1,1,"ipswich_town"
"Conor Townsend22","D",31,72,137,"England",1,1,NA,NA,0,0,0,0,0,0,0,0,"ipswich_town"
"Jacob Greaves24","D",24,73,152,"England",8,0,NA,NA,0,4,7,2,0,0,6,2,"ipswich_town"
"Dara O'Shea26","D",25,74,163,"Republic of Ireland",14,0,NA,NA,0,5,6,3,0,0,10,1,"ipswich_town"
"Axel Tuanzebe40","D",27,73,163,"Congo DR",9,0,NA,NA,0,6,4,3,0,0,3,0,"ipswich_town"
"Janoi Donacien44","D",31,72,163,"St Lucia",NA,NA,NA,NA,NA,NA,NA,NA,NA,NA,NA,NA,"ipswich_town"
"Sam Morsy5","M",33,69,152,"Egypt",16,0,NA,NA,1,28,16,5,0,1,7,1,"ipswich_town"
"Kalvin Phillips8","M",29,70,159,"England",8,1,NA,NA,0,16,14,2,1,0,5,1,"ipswich_town"
"Jens Cajuste12","M",25,74,170,"Sweden",11,3,NA,NA,0,10,7,2,0,0,3,0,"ipswich_town"
"Jack Taylor14","M",26,73,152,"England",12,11,NA,NA,0,8,2,3,0,1,10,4,"ipswich_town"
"Sammie Szmodics23","M",29,66,139,"Republic of Ireland",15,4,NA,NA,0,8,8,2,0,3,19,11,"ipswich_town"
"Massimo Luongo25","M",32,69,146,"Australia",5,3,NA,NA,0,1,2,0,0,0,0,0,"ipswich_town"
"Wes Burns7","F",30,68,150,"Wales",14,5,NA,NA,1,2,10,1,0,0,7,1,"ipswich_town"
"Conor Chaplin10","F",27,66,152,"England",15,8,NA,NA,1,9,5,1,0,1,11,3,"ipswich_town"
"Ali Ibrahim Al-Hamadi16","F",22,72,181,"Iraq",8,8,NA,NA,0,6,3,3,0,0,4,0,"ipswich_town"
"Liam Delap19","F",21,73,159,"England",16,1,NA,NA,1,36,21,5,0,6,28,12,"ipswich_town"
"Omari Hutchinson20","F",21,69,141,"England",16,0,NA,NA,1,13,24,4,0,1,22,7,"ipswich_town"
"Chiedozie Ogbene21","F",27,71,172,"Republic of Ireland",5,2,NA,NA,0,2,7,0,0,0,0,0,"ipswich_town"
"George Hirst27","F",25,75,183,"England",8,7,NA,NA,1,4,2,1,0,1,3,2,"ipswich_town"
"Nathan Broadhead33","F",26,70,161,"Wales",3,3,NA,NA,0,0,0,0,0,0,1,1,"ipswich_town"
"Jack Clarke47","F",24,71,161,"England",14,10,NA,NA,2,9,14,1,0,0,10,1,"ipswich_town"
"Alex McCarthy1","G",35,76,172,"England",4,0,19,10,0,0,1,0,0,NA,NA,NA,"southampton"
"Joe Lumley13","G",29,75,161,"England",3,0,13,7,0,0,0,0,0,NA,NA,NA,"southampton"
"Aaron Ramsdale30","G",26,75,192,"England",10,0,41,19,0,0,2,1,0,NA,NA,NA,"southampton"
"Gavin Bazunu31","G",22,74,172,"Republic of Ireland",NA,NA,NA,NA,NA,NA,NA,NA,NA,NA,NA,NA,"southampton"
"Kyle Walker-Peters2","D",27,68,137,"England",15,0,NA,NA,2,14,28,3,0,0,11,3,"southampton"
"Ryan Manning3","D",28,68,146,"Republic of Ireland",9,0,NA,NA,0,9,17,1,0,0,3,0,"southampton"
"Jack Stephens5","D",30,73,163,"England",10,0,NA,NA,0,8,2,2,2,0,2,0,"southampton"
"Taylor Harwood-Bellis6","D",22,74,181,"England",16,1,NA,NA,0,17,8,5,0,1,10,3,"southampton"
"Ronnie Edwards12","D",21,71,168,"England",1,1,NA,NA,0,0,0,0,0,0,0,0,"southampton"
"James Bree14","D",27,70,161,"England",4,2,NA,NA,0,0,1,0,0,0,0,0,"southampton"
"Nathan Wood15","D",22,74,163,"England",4,1,NA,NA,0,3,3,1,0,0,1,0,"southampton"
"Yukinari Sugawara16","D",24,70,150,"Japan",15,5,NA,NA,1,5,9,3,0,1,8,2,"southampton"
"Charlie Taylor21","D",31,69,152,"England",6,4,NA,NA,0,2,2,1,0,0,0,0,"southampton"
"Juan Larios28","D",20,67,150,"Spain",NA,NA,NA,NA,NA,NA,NA,NA,NA,NA,NA,NA,"southampton"
"Jan Bednarek35","D",28,74,183,"Poland",13,0,NA,NA,0,12,6,3,0,0,1,0,"southampton"
"Armel Bella-Kotchap37","D",23,75,192,"Germany",NA,NA,NA,NA,NA,NA,NA,NA,NA,NA,NA,NA,"southampton"
"Jayden Moore57","D",18,72,150,"England",NA,NA,NA,NA,NA,NA,NA,NA,NA,NA,NA,NA,"southampton"
"Flynn Downes4","M",25,68,152,"England",15,0,NA,NA,0,30,27,7,0,1,5,2,"southampton"
"Joe Aribo7","M",28,72,168,"Nigeria",16,7,NA,NA,0,11,17,0,0,2,12,5,"southampton"
"William Smallbone8","M",24,72,157,"Republic of Ireland",4,1,NA,NA,0,4,1,0,0,0,4,0,"southampton"
"Adam Lallana10","M",36,68,161,"England",8,3,NA,NA,2,7,7,4,0,0,3,0,"southampton"
"Mateus Fernandes18","M",20,70,159,"Portugal",16,2,NA,NA,1,21,20,4,0,1,15,5,"southampton"
"Kamaldeen Sulemana20","M",22,69,152,"Ghana",6,5,NA,NA,0,1,1,0,0,0,1,0,"southampton"
"Ryan Fraser24","M",30,64,152,"Scotland",7,3,NA,NA,0,1,4,0,1,0,1,1,"southampton"
"Lesley Ugochukwu26","M",20,75,159,"France",7,5,NA,NA,0,5,3,2,0,0,1,0,"southampton"
"Samuel Amo-Ameyaw27","M",18,69,139,"England",2,2,NA,NA,0,1,2,1,0,0,1,0,"southampton"
"Tyler Dibling33","M",18,70,159,"England",16,5,NA,NA,0,18,33,5,0,1,13,6,"southampton"
"Romeo Akachukwu54","M",18,70,161,"--",NA,NA,NA,NA,NA,NA,NA,NA,NA,NA,NA,NA,"southampton"
"Joseph O'Brien-Whitmarsh60","M",19,68,161,"--",0,0,NA,NA,0,0,0,0,0,0,0,0,"southampton"
"Adam Armstrong9","F",27,68,150,"England",14,3,NA,NA,1,10,3,4,0,2,20,6,"southampton"
"Ross Stewart11","F",28,74,185,"Scotland",4,3,NA,NA,0,3,5,1,0,0,2,0,"southampton"
"Ben Brereton Díaz17","F",25,73,174,"Chile",10,6,NA,NA,0,4,8,1,0,0,11,1,"southampton"
"Cameron Archer19","F",23,71,159,"England",17,8,NA,NA,0,6,8,0,0,2,21,6,"southampton"
"Maxwel Cornet22","F",28,70,150,"Ivory Coast",2,1,NA,NA,0,0,1,1,0,0,1,0,"southampton"
"Paul Onuachu32","F",30,79,214,"Nigeria",7,6,NA,NA,0,4,5,1,0,0,5,1,"southampton"
"Jay Robinson46","F",17,69,141,"England",NA,NA,NA,NA,NA,NA,NA,NA,NA,NA,NA,NA,"southampton"
